employee_name,employee_emailid,secret_child_name,secret_child_email
karunya,karu@gmail.com,santhosh,san@gmail.com
santhosh,san@gmail.com,daisy   daisy@gmail.com,
Joel,joe@gmail.com,ruth    ruth@gmail.com,
Daniel  dan@gmail.com,,princy  princy@gmail.com,
ruth    ruth@gmail.com,,Joel,joe@gmail.com
daisy   daisy@gmail.com,,Daniel  dan@gmail.com,
princy  princy@gmail.com,,karunya,karu@gmail.com
